id_registro_sensor,temperatura,umidade,dia,horario,corrente,id_node
90078,0,0,16/12/2019,00:00:40,0.74,4
90081,0,0,16/12/2019,00:01:43,0.7,4
90084,0,0,16/12/2019,00:02:46,0.71,4
90087,0,0,16/12/2019,00:03:49,0.73,4
90090,0,0,16/12/2019,00:04:52,0.74,4
90093,0,0,16/12/2019,00:05:55,0.75,4
90096,0,0,16/12/2019,00:07:01,0.73,4
90099,0,0,16/12/2019,00:08:04,0.74,4
90103,0,0,16/12/2019,00:09:07,0.75,4
90106,0,0,16/12/2019,00:10:10,0.73,4
90109,0,0,16/12/2019,00:11:13,0.74,4
90112,0,0,16/12/2019,00:12:19,0.74,4
90115,0,0,16/12/2019,00:13:22,0.72,4
90118,0,0,16/12/2019,00:14:27,0.73,4
90121,0,0,16/12/2019,00:15:28,0.73,4
90124,0,0,16/12/2019,00:16:31,0.67,4
90127,0,0,16/12/2019,00:17:34,0.7,4
90130,0,0,16/12/2019,00:18:37,0.69,4
90133,0,0,16/12/2019,00:19:40,0.72,4
90136,0,0,16/12/2019,00:20:43,0.68,4
90139,0,0,16/12/2019,00:21:49,0.67,4
90142,0,0,16/12/2019,00:22:55,0.66,4
90145,0,0,16/12/2019,00:23:58,0.66,4
90148,0,0,16/12/2019,00:25:06,0.69,4
90151,0,0,16/12/2019,00:26:07,0.74,4
90154,0,0,16/12/2019,00:27:10,0.73,4
90157,0,0,16/12/2019,00:28:13,0.71,4
90160,0,0,16/12/2019,00:29:16,0.71,4
90163,0,0,16/12/2019,00:30:19,0.73,4
90166,0,0,16/12/2019,00:31:22,0.76,4
90169,0,0,16/12/2019,00:32:25,0.75,4
90172,0,0,16/12/2019,00:33:28,0.72,4
90175,0,0,16/12/2019,00:34:31,0.72,4
90178,0,0,16/12/2019,00:35:34,0.7,4
90181,0,0,16/12/2019,00:36:37,0.67,4
90184,0,0,16/12/2019,00:37:40,0.7,4
90187,0,0,16/12/2019,00:38:43,0.68,4
90190,0,0,16/12/2019,00:39:46,0.73,4
90193,0,0,16/12/2019,00:40:49,0.72,4
90196,0,0,16/12/2019,00:41:52,0.71,4
90199,0,0,16/12/2019,00:42:55,0.72,4
90202,0,0,16/12/2019,00:43:58,0.75,4
90205,0,0,16/12/2019,00:45:01,0.75,4
90208,0,0,16/12/2019,00:46:04,0.74,4
90211,0,0,16/12/2019,00:47:07,0.72,4
90215,0,0,16/12/2019,00:48:13,0.72,4
90218,0,0,16/12/2019,00:49:16,0.73,4
90221,0,0,16/12/2019,00:50:19,0.71,4
90224,0,0,16/12/2019,00:51:22,0.7,4
90227,0,0,16/12/2019,00:52:25,0.69,4
90230,0,0,16/12/2019,00:53:28,0.73,4
90233,0,0,16/12/2019,00:54:31,0.73,4
90236,0,0,16/12/2019,00:55:37,0.74,4
90239,0,0,16/12/2019,00:56:40,0.69,4
90242,0,0,16/12/2019,00:57:43,0.73,4
90245,0,0,16/12/2019,00:58:46,0.7,4
90248,0,0,16/12/2019,00:59:49,0.72,4
90251,0,0,16/12/2019,01:00:54,0.71,4
90254,0,0,16/12/2019,01:01:56,0.72,4
90257,0,0,16/12/2019,01:02:58,0.66,4
90260,0,0,16/12/2019,01:04:01,0.72,4
90263,0,0,16/12/2019,01:05:05,0.73,4
90266,0,0,16/12/2019,01:06:08,0.72,4
90269,0,0,16/12/2019,01:07:11,0.72,4
90272,0,0,16/12/2019,01:08:14,0.72,4
90275,0,0,16/12/2019,01:09:17,0.73,4
90278,0,0,16/12/2019,01:10:20,0.72,4
90281,0,0,16/12/2019,01:11:23,0.71,4
90284,0,0,16/12/2019,01:12:26,0.74,4
90287,0,0,16/12/2019,01:13:29,0.72,4
90290,0,0,16/12/2019,01:14:32,0.71,4
90293,0,0,16/12/2019,01:15:37,0.71,4
90297,0,0,16/12/2019,01:16:41,0.73,4
90300,0,0,16/12/2019,01:17:44,0.72,4
90303,0,0,16/12/2019,01:18:47,0.71,4
90306,0,0,16/12/2019,01:19:50,0.71,4
90309,0,0,16/12/2019,01:20:53,0.67,4
90312,0,0,16/12/2019,01:21:59,0.66,4
90315,0,0,16/12/2019,01:23:02,0.71,4
90318,0,0,16/12/2019,01:24:05,0.73,4
90321,0,0,16/12/2019,01:25:08,0.74,4
90324,0,0,16/12/2019,01:26:11,0.69,4
90327,0,0,16/12/2019,01:27:14,0.72,4
90330,0,0,16/12/2019,01:28:18,0.72,4
90333,0,0,16/12/2019,01:29:21,0.68,4
90336,0,0,16/12/2019,01:30:24,0.66,4
90339,0,0,16/12/2019,01:31:27,0.7,4
90342,0,0,16/12/2019,01:32:30,0.69,4
90345,0,0,16/12/2019,01:33:33,0.7,4
90348,0,0,16/12/2019,01:34:36,0.71,4
90351,0,0,16/12/2019,01:35:39,0.74,4
90354,0,0,16/12/2019,01:36:42,0.72,4
90357,0,0,16/12/2019,01:37:44,0.69,4
90360,0,0,16/12/2019,01:38:47,0.68,4
90363,0,0,16/12/2019,01:39:50,0.71,4
90366,0,0,16/12/2019,01:40:56,0.72,4
90369,0,0,16/12/2019,01:41:59,0.73,4
90372,0,0,16/12/2019,01:43:02,0.73,4
90375,0,0,16/12/2019,01:44:05,0.69,4
90378,0,0,16/12/2019,01:45:08,0.67,4
90381,0,0,16/12/2019,01:46:11,0.71,4
90384,0,0,16/12/2019,01:47:14,0.68,4
90387,0,0,16/12/2019,01:48:17,0.68,4
90390,0,0,16/12/2019,01:49:20,0.66,4
90393,0,0,16/12/2019,01:50:23,0.7,4
90396,0,0,16/12/2019,01:51:29,0.7,4
90399,0,0,16/12/2019,01:52:32,0.73,4
90403,0,0,16/12/2019,01:53:38,0.72,4
90406,0,0,16/12/2019,01:54:41,0.75,4
90409,0,0,16/12/2019,01:55:46,0.72,4
90412,0,0,16/12/2019,01:56:47,0.74,4
90415,0,0,16/12/2019,01:57:50,0.74,4
90418,0,0,16/12/2019,01:58:53,0.76,4
90421,0,0,16/12/2019,01:59:56,0.72,4
90424,0,0,16/12/2019,02:00:59,0.77,4
90427,0,0,16/12/2019,02:02:02,0.75,4
90430,0,0,16/12/2019,02:03:05,0.73,4
90433,0,0,16/12/2019,02:04:08,0.72,4
90436,0,0,16/12/2019,02:05:11,0.71,4
90439,0,0,16/12/2019,02:06:14,0.73,4
90442,0,0,16/12/2019,02:07:20,0.77,4
90445,0,0,16/12/2019,02:08:23,0.76,4
90448,0,0,16/12/2019,02:09:26,0.75,4
90451,0,0,16/12/2019,02:10:29,0.73,4
90454,0,0,16/12/2019,02:11:32,0.7,4
90457,0,0,16/12/2019,02:12:35,0.75,4
90460,0,0,16/12/2019,02:13:38,0.75,4
90463,0,0,16/12/2019,02:14:41,0.75,4
90466,0,0,16/12/2019,02:15:44,0.72,4
90469,0,0,16/12/2019,02:16:47,0.73,4
90472,0,0,16/12/2019,02:17:50,0.73,4
90475,0,0,16/12/2019,02:18:53,0.75,4
90478,0,0,16/12/2019,02:19:56,0.75,4
90481,0,0,16/12/2019,02:20:59,0.71,4
90484,0,0,16/12/2019,02:22:05,0.72,4
90487,0,0,16/12/2019,02:23:08,0.71,4
90490,0,0,16/12/2019,02:24:17,0.71,4
90494,0,0,16/12/2019,02:25:23,0.71,4
90497,0,0,16/12/2019,02:26:26,0.74,4
90500,0,0,16/12/2019,02:27:29,0.75,4
90503,0,0,16/12/2019,02:28:32,0.77,4
90506,0,0,16/12/2019,02:29:35,0.77,4
90509,0,0,16/12/2019,02:30:38,0.74,4
90512,0,0,16/12/2019,02:31:41,0.69,4
90515,0,0,16/12/2019,02:32:44,0.74,4
90518,0,0,16/12/2019,02:33:47,0.71,4
90521,0,0,16/12/2019,02:34:50,0.72,4
90524,0,0,16/12/2019,02:35:55,0.72,4
90527,0,0,16/12/2019,02:36:58,0.72,4
90530,0,0,16/12/2019,02:38:01,0.71,4
90533,0,0,16/12/2019,02:39:04,0.72,4
90536,0,0,16/12/2019,02:40:07,0.71,4
90539,0,0,16/12/2019,02:41:10,0.75,4
90542,0,0,16/12/2019,02:42:13,0.74,4
90545,0,0,16/12/2019,02:43:16,0.7,4
90548,0,0,16/12/2019,02:44:19,0.73,4
90551,0,0,16/12/2019,02:45:22,0.72,4
90554,0,0,16/12/2019,02:46:25,0.72,4
90557,0,0,16/12/2019,02:47:28,0.72,4
90560,0,0,16/12/2019,02:48:31,0.69,4
90563,0,0,16/12/2019,02:49:34,0.72,4
90566,0,0,16/12/2019,02:50:37,0.74,4
90569,0,0,16/12/2019,02:51:41,0.74,4
90572,0,0,16/12/2019,02:52:44,0.73,4
90575,0,0,16/12/2019,02:53:47,0.73,4
90578,0,0,16/12/2019,02:54:50,0.75,4
90581,0,0,16/12/2019,02:55:53,0.76,4
90585,0,0,16/12/2019,02:56:56,0.75,4
90588,0,0,16/12/2019,02:57:59,0.77,4
90591,0,0,16/12/2019,02:59:02,0.74,4
90594,0,0,16/12/2019,03:00:05,0.75,4
90597,0,0,16/12/2019,03:01:08,0.74,4
90600,0,0,16/12/2019,03:02:11,0.76,4
90603,0,0,16/12/2019,03:03:17,0.74,4
90606,0,0,16/12/2019,03:04:20,0.74,4
90609,0,0,16/12/2019,03:05:23,0.72,4
90612,0,0,16/12/2019,03:06:26,0.75,4
90615,0,0,16/12/2019,03:07:29,0.77,4
90618,0,0,16/12/2019,03:08:32,0.73,4
90621,0,0,16/12/2019,03:09:35,0.75,4
90624,0,0,16/12/2019,03:10:40,0.74,4
90627,0,0,16/12/2019,03:11:43,0.76,4
90630,0,0,16/12/2019,03:12:46,0.75,4
90633,0,0,16/12/2019,03:13:48,0.73,4
90636,0,0,16/12/2019,03:14:55,0.75,4
90639,0,0,16/12/2019,03:15:58,0.77,4
90642,0,0,16/12/2019,03:17:01,0.76,4
90645,0,0,16/12/2019,03:18:04,0.78,4
90648,0,0,16/12/2019,03:19:07,0.74,4
90651,0,0,16/12/2019,03:20:13,0.75,4
90654,0,0,16/12/2019,03:21:19,0.77,4
90657,0,0,16/12/2019,03:22:22,0.74,4
90660,0,0,16/12/2019,03:23:25,0.75,4
90663,0,0,16/12/2019,03:24:27,0.71,4
90667,0,0,16/12/2019,03:25:33,0.77,4
90670,0,0,16/12/2019,03:26:36,0.75,4
90673,0,0,16/12/2019,03:27:39,0.74,4
90676,0,0,16/12/2019,03:28:42,0.73,4
90679,0,0,16/12/2019,03:29:48,0.73,4
90682,0,0,16/12/2019,03:30:51,0.72,4
90685,0,0,16/12/2019,03:31:54,0.72,4
90688,0,0,16/12/2019,03:32:57,0.74,4
90691,0,0,16/12/2019,03:34:03,0.72,4
90694,0,0,16/12/2019,03:35:04,0.72,4
90697,0,0,16/12/2019,03:36:09,0.73,4
90700,0,0,16/12/2019,03:37:12,0.72,4
90703,0,0,16/12/2019,03:38:15,0.73,4
90706,0,0,16/12/2019,03:39:18,0.75,4
90709,0,0,16/12/2019,03:40:21,0.72,4
90712,0,0,16/12/2019,03:41:24,0.73,4
90715,0,0,16/12/2019,03:42:29,0.7,4
90718,0,0,16/12/2019,03:43:30,0.71,4
90721,0,0,16/12/2019,03:44:33,0.73,4
90724,0,0,16/12/2019,03:45:36,0.71,4
90727,0,0,16/12/2019,03:46:39,0.73,4
90730,0,0,16/12/2019,03:47:42,0.75,4
90733,0,0,16/12/2019,03:48:45,0.75,4
90736,0,0,16/12/2019,03:49:48,0.74,4
90739,0,0,16/12/2019,03:50:51,0.72,4
90742,0,0,16/12/2019,03:51:54,0.72,4
90745,0,0,16/12/2019,03:52:57,0.73,4
90748,0,0,16/12/2019,03:54:00,0.68,4
90752,0,0,16/12/2019,03:55:03,0.72,4
90755,0,0,16/12/2019,03:56:06,0.72,4
90758,0,0,16/12/2019,03:57:09,0.74,4
90761,0,0,16/12/2019,03:58:12,0.7,4
90764,0,0,16/12/2019,03:59:15,0.75,4
90767,0,0,16/12/2019,04:00:18,0.72,4
90770,0,0,16/12/2019,04:01:24,0.74,4
90773,0,0,16/12/2019,04:02:27,0.72,4
90776,0,0,16/12/2019,04:03:30,0.73,4
90779,0,0,16/12/2019,04:04:33,0.73,4
90782,0,0,16/12/2019,04:05:36,0.75,4
90785,0,0,16/12/2019,04:06:39,0.74,4
90788,0,0,16/12/2019,04:07:42,0.71,4
90791,0,0,16/12/2019,04:08:48,0.72,4
90794,0,0,16/12/2019,04:09:51,0.74,4
90797,0,0,16/12/2019,04:10:54,0.74,4
90800,0,0,16/12/2019,04:11:57,0.74,4
90803,0,0,16/12/2019,04:13:02,0.73,4
90806,0,0,16/12/2019,04:14:05,0.71,4
90809,0,0,16/12/2019,04:15:08,0.72,4
90812,0,0,16/12/2019,04:16:11,0.73,4
90815,0,0,16/12/2019,04:17:14,0.73,4
90818,0,0,16/12/2019,04:18:17,0.73,4
90821,0,0,16/12/2019,04:19:20,0.7,4
90824,0,0,16/12/2019,04:20:23,0.73,4
90827,0,0,16/12/2019,04:21:26,0.74,4
90830,0,0,16/12/2019,04:22:29,0.76,4
90833,0,0,16/12/2019,04:23:32,0.74,4
90836,0,0,16/12/2019,04:24:35,0.72,4
90839,0,0,16/12/2019,04:25:38,0.74,4
90842,0,0,16/12/2019,04:26:41,0.73,4
90845,0,0,16/12/2019,04:27:44,0.73,4
90848,0,0,16/12/2019,04:28:47,0.74,4
90851,0,0,16/12/2019,04:29:50,0.71,4
90854,0,0,16/12/2019,04:30:53,0.74,4
90858,0,0,16/12/2019,04:31:56,0.73,4
90861,0,0,16/12/2019,04:32:59,0.74,4
90864,0,0,16/12/2019,04:34:02,0.73,4
90867,0,0,16/12/2019,04:35:05,0.72,4
90870,0,0,16/12/2019,04:36:09,0.75,4
90873,0,0,16/12/2019,04:37:12,0.76,4
90876,0,0,16/12/2019,04:38:17,0.73,4
90879,0,0,16/12/2019,04:39:18,0.71,4
90882,0,0,16/12/2019,04:40:21,0.72,4
90885,0,0,16/12/2019,04:41:24,0.73,4
90888,0,0,16/12/2019,04:42:27,0.74,4
90891,0,0,16/12/2019,04:43:30,0.72,4
90894,0,0,16/12/2019,04:44:33,0.73,4
90897,0,0,16/12/2019,04:45:36,0.69,4
90900,0,0,16/12/2019,04:46:39,0.71,4
90903,0,0,16/12/2019,04:47:42,0.73,4
90906,0,0,16/12/2019,04:48:45,0.74,4
90909,0,0,16/12/2019,04:49:51,0.72,4
90912,0,0,16/12/2019,04:51:00,0.69,4
90915,0,0,16/12/2019,04:52:03,0.68,4
90918,0,0,16/12/2019,04:53:06,0.69,4
90921,0,0,16/12/2019,04:54:09,0.72,4
90924,0,0,16/12/2019,04:55:12,0.74,4
90927,0,0,16/12/2019,04:56:15,0.72,4
90931,0,0,16/12/2019,04:57:17,0.69,4
90934,0,0,16/12/2019,04:58:24,0.72,4
90937,0,0,16/12/2019,04:59:27,0.75,4
90940,0,0,16/12/2019,05:00:30,0.72,4
90943,0,0,16/12/2019,05:01:32,0.74,4
90946,0,0,16/12/2019,05:02:35,0.68,4
90949,0,0,16/12/2019,05:03:38,0.69,4
90952,0,0,16/12/2019,05:04:41,0.71,4
90955,0,0,16/12/2019,05:05:44,0.73,4
90958,0,0,16/12/2019,05:06:47,0.72,4
90961,0,0,16/12/2019,05:07:50,0.74,4
90964,0,0,16/12/2019,05:08:53,0.71,4
90967,0,0,16/12/2019,05:09:56,0.75,4
90970,0,0,16/12/2019,05:10:59,0.76,4
90973,0,0,16/12/2019,05:12:02,0.74,4
90976,0,0,16/12/2019,05:13:05,0.74,4
90979,0,0,16/12/2019,05:14:08,0.74,4
90982,0,0,16/12/2019,05:15:11,0.73,4
90985,0,0,16/12/2019,05:16:14,0.75,4
90988,0,0,16/12/2019,05:17:17,0.74,4
90991,0,0,16/12/2019,05:18:20,0.75,4
90994,0,0,16/12/2019,05:19:23,0.75,4
90997,0,0,16/12/2019,05:20:26,0.73,4
91000,0,0,16/12/2019,05:21:29,0.76,4
91003,0,0,16/12/2019,05:22:32,0.75,4
91006,0,0,16/12/2019,05:23:35,0.71,4
91009,0,0,16/12/2019,05:24:38,0.75,4
91012,0,0,16/12/2019,05:25:41,0.73,4
91015,0,0,16/12/2019,05:26:44,0.73,4
91018,0,0,16/12/2019,05:27:47,0.75,4
91021,0,0,16/12/2019,05:28:50,0.72,4
91024,0,0,16/12/2019,05:29:53,0.75,4
91027,0,0,16/12/2019,05:30:56,0.75,4
91030,0,0,16/12/2019,05:31:59,0.72,4
91033,0,0,16/12/2019,05:33:02,0.75,4
91036,0,0,16/12/2019,05:34:05,0.76,4
91040,0,0,16/12/2019,05:35:11,0.78,4
91043,0,0,16/12/2019,05:36:14,0.74,4
91046,0,0,16/12/2019,05:37:17,0.74,4
91049,0,0,16/12/2019,05:38:20,0.74,4
91052,0,0,16/12/2019,05:39:23,0.72,4
91055,0,0,16/12/2019,05:40:26,0.72,4
91058,0,0,16/12/2019,05:41:29,0.7,4
91061,0,0,16/12/2019,05:42:32,0.73,4
91064,0,0,16/12/2019,05:43:35,0.69,4
91067,0,0,16/12/2019,05:44:38,0.72,4
91070,0,0,16/12/2019,05:45:41,0.7,4
91073,0,0,16/12/2019,05:46:44,0.71,4
91076,0,0,16/12/2019,05:47:47,0.72,4
91079,0,0,16/12/2019,05:48:50,0.71,4
91082,0,0,16/12/2019,05:49:52,0.73,4
91085,0,0,16/12/2019,05:50:55,0.74,4
91088,0,0,16/12/2019,05:52:01,0.74,4
91091,0,0,16/12/2019,05:53:04,0.74,4
91094,0,0,16/12/2019,05:54:07,0.74,4
91097,0,0,16/12/2019,05:55:13,0.74,4
91100,0,0,16/12/2019,05:56:16,0.76,4
91103,0,0,16/12/2019,05:57:22,0.74,4
91106,0,0,16/12/2019,05:58:25,0.77,4
91109,0,0,16/12/2019,05:59:28,0.74,4
91112,0,0,16/12/2019,06:00:31,0.72,4
91115,0,0,16/12/2019,06:01:34,0.77,4
91118,0,0,16/12/2019,06:02:37,0.76,4
91121,0,0,16/12/2019,06:03:40,0.74,4
91124,0,0,16/12/2019,06:04:46,0.72,4
91127,0,0,16/12/2019,06:05:49,0.75,4
91131,0,0,16/12/2019,06:06:52,0.75,4
91134,0,0,16/12/2019,06:07:56,0.75,4
91137,0,0,16/12/2019,06:08:59,0.72,4
91140,0,0,16/12/2019,06:10:02,0.7,4
91143,0,0,16/12/2019,06:11:05,0.73,4
91146,0,0,16/12/2019,06:12:08,0.76,4
91149,0,0,16/12/2019,06:13:11,0.76,4
91152,0,0,16/12/2019,06:14:14,0.73,4
91155,0,0,16/12/2019,06:15:20,0.75,4
91158,0,0,16/12/2019,06:16:23,0.73,4
91161,0,0,16/12/2019,06:17:26,0.72,4
91164,0,0,16/12/2019,06:18:29,0.72,4
91167,0,0,16/12/2019,06:19:32,0.73,4
91170,0,0,16/12/2019,06:20:35,0.72,4
91173,0,0,16/12/2019,06:21:38,0.74,4
91176,0,0,16/12/2019,06:22:41,0.69,4
91179,0,0,16/12/2019,06:23:44,0.72,4
91182,0,0,16/12/2019,06:24:47,0.71,4
91185,0,0,16/12/2019,06:25:50,0.73,4
91188,0,0,16/12/2019,06:26:53,0.75,4
91191,0,0,16/12/2019,06:27:56,0.72,4
91194,0,0,16/12/2019,06:28:59,0.73,4
91197,0,0,16/12/2019,06:30:01,0.74,4
91200,0,0,16/12/2019,06:31:04,0.73,4
91203,0,0,16/12/2019,06:32:07,0.75,4
91206,0,0,16/12/2019,06:33:10,0.73,4
91209,0,0,16/12/2019,06:34:13,0.73,4
91212,0,0,16/12/2019,06:35:16,0.74,4
91215,0,0,16/12/2019,06:36:22,0.76,4
91218,0,0,16/12/2019,06:37:25,0.73,4
91221,0,0,16/12/2019,06:38:28,0.72,4
91224,0,0,16/12/2019,06:39:31,0.7,4
91227,0,0,16/12/2019,06:40:34,0.72,4
91231,0,0,16/12/2019,06:41:37,0.72,4
91234,0,0,16/12/2019,06:42:40,0.73,4
91237,0,0,16/12/2019,06:43:43,0.71,4
91240,0,0,16/12/2019,06:44:46,0.73,4
91243,0,0,16/12/2019,06:45:49,0.73,4
91246,0,0,16/12/2019,06:46:52,0.73,4
91249,0,0,16/12/2019,06:47:55,0.73,4
91252,0,0,16/12/2019,06:48:58,0.74,4
91255,0,0,16/12/2019,06:50:04,0.74,4
91258,0,0,16/12/2019,06:51:07,0.75,4
91261,0,0,16/12/2019,06:52:10,0.75,4
91264,0,0,16/12/2019,06:53:13,0.76,4
91267,0,0,16/12/2019,06:54:16,0.72,4
91270,0,0,16/12/2019,06:55:22,0.74,4
91273,0,0,16/12/2019,06:56:25,0.72,4
91276,0,0,16/12/2019,06:57:28,0.74,4
91279,0,0,16/12/2019,06:58:31,0.75,4
91282,0,0,16/12/2019,06:59:37,0.76,4
91285,0,0,16/12/2019,07:00:40,0.74,4
91288,0,0,16/12/2019,07:01:43,0.75,4
91291,0,0,16/12/2019,07:02:46,0.75,4
91294,0,0,16/12/2019,07:03:49,0.75,4
91297,0,0,16/12/2019,07:04:52,0.73,4
91300,0,0,16/12/2019,07:05:58,0.74,4
91304,0,0,16/12/2019,07:07:01,0.76,4
91307,0,0,16/12/2019,07:08:04,0.73,4
91310,0,0,16/12/2019,07:09:07,0.73,4
91313,0,0,16/12/2019,07:10:10,0.75,4
91316,0,0,16/12/2019,07:11:13,0.75,4
91319,0,0,16/12/2019,07:12:16,0.72,4
91322,0,0,16/12/2019,07:13:19,0.75,4
91325,0,0,16/12/2019,07:14:22,0.74,4
91328,0,0,16/12/2019,07:15:25,0.7,4
91331,0,0,16/12/2019,07:16:28,0.67,4
91334,0,0,16/12/2019,07:17:31,0.75,4
91337,0,0,16/12/2019,07:18:34,0.73,4
91340,0,0,16/12/2019,07:19:37,0.74,4
91343,0,0,16/12/2019,07:20:40,0.72,4
91346,0,0,16/12/2019,07:21:43,0.7,4
91349,0,0,16/12/2019,07:22:46,0.7,4
91352,0,0,16/12/2019,07:23:49,0.7,4
91355,0,0,16/12/2019,07:24:52,0.73,4
91358,0,0,16/12/2019,07:25:55,0.72,4
91361,0,0,16/12/2019,07:26:58,0.74,4
91364,0,0,16/12/2019,07:28:01,0.73,4
91367,0,0,16/12/2019,07:29:07,0.73,4
91370,0,0,16/12/2019,07:30:10,0.72,4
91373,0,0,16/12/2019,07:31:18,0.75,4
91376,0,0,16/12/2019,07:32:21,0.72,4
91379,0,0,16/12/2019,07:33:24,0.71,4
91382,0,0,16/12/2019,07:34:27,0.75,4
91385,0,0,16/12/2019,07:35:30,0.77,4
91388,0,0,16/12/2019,07:36:33,0.76,4
91391,0,0,16/12/2019,07:37:36,0.74,4
91394,0,0,16/12/2019,07:38:39,0.77,4
91397,0,0,16/12/2019,07:39:43,0.75,4
91400,0,0,16/12/2019,07:40:46,0.75,4
91403,0,0,16/12/2019,07:41:49,0.76,4
91406,0,0,16/12/2019,07:42:52,0.77,4
91409,0,0,16/12/2019,07:43:55,0.74,4
91412,0,0,16/12/2019,07:44:58,0.75,4
91415,0,0,16/12/2019,07:46:01,0.75,4
91418,0,0,16/12/2019,07:47:04,0.74,4
91421,0,0,16/12/2019,07:48:07,0.76,4
91424,0,0,16/12/2019,07:49:10,0.74,4
91427,0,0,16/12/2019,07:50:13,0.75,4
91430,0,0,16/12/2019,07:51:15,0.72,4
91433,0,0,16/12/2019,07:52:18,0.74,4
91436,0,0,16/12/2019,07:53:21,0.76,4
91439,0,0,16/12/2019,07:54:24,0.74,4
91442,0,0,16/12/2019,07:55:27,0.74,4
91445,0,0,16/12/2019,07:56:33,0.75,4
91449,0,0,16/12/2019,07:57:39,0.75,4
91452,0,0,16/12/2019,07:58:42,0.75,4
91455,0,0,16/12/2019,07:59:45,0.73,4
91458,0,0,16/12/2019,08:00:48,0.72,4
91461,0,0,16/12/2019,08:01:51,0.74,4
91464,0,0,16/12/2019,08:02:57,0.76,4
91467,0,0,16/12/2019,08:04:00,0.76,4
91470,0,0,16/12/2019,08:05:03,0.73,4
91473,0,0,16/12/2019,08:06:16,0.71,4
91476,0,0,16/12/2019,08:07:12,0.7,4
91479,0,0,16/12/2019,08:08:15,0.73,4
91483,0,0,16/12/2019,08:09:21,0.75,4
91486,0,0,16/12/2019,08:10:24,12.05,4
91489,0,0,16/12/2019,08:11:27,73.67,4
91492,0,0,16/12/2019,08:12:30,80.7,4
91495,0,0,16/12/2019,08:13:33,83.65,4
91498,0,0,16/12/2019,08:14:36,86.17,4
91501,0,0,16/12/2019,08:15:39,87.83,4
91504,0,0,16/12/2019,08:16:42,89.01,4
91507,0,0,16/12/2019,08:17:45,88.22,4
91510,0,0,16/12/2019,08:18:51,88.63,4
91513,0,0,16/12/2019,08:19:54,88.93,4
91516,0,0,16/12/2019,08:20:57,89.35,4
91519,0,0,16/12/2019,08:22:00,89.49,4
91522,0,0,16/12/2019,08:23:02,89.33,4
91525,0,0,16/12/2019,08:24:05,89.38,4
91528,0,0,16/12/2019,08:25:08,89.93,4
91531,0,0,16/12/2019,08:26:11,90.35,4
91534,0,0,16/12/2019,08:27:14,89.94,4
91537,0,0,16/12/2019,08:28:17,89.51,4
91540,0,0,16/12/2019,08:29:20,89.78,4
91543,0,0,16/12/2019,08:30:23,89.96,4
91546,0,0,16/12/2019,08:31:26,90.44,4
91549,0,0,16/12/2019,08:32:29,90.15,4
91552,0,0,16/12/2019,08:33:35,89.44,4
91555,0,0,16/12/2019,08:34:38,89.56,4
91558,0,0,16/12/2019,08:35:41,89.03,4
91561,0,0,16/12/2019,08:36:44,88.76,4
91564,0,0,16/12/2019,08:37:47,88.26,4
91567,0,0,16/12/2019,08:38:50,88.1,4
91570,0,0,16/12/2019,08:39:56,89,4
91573,0,0,16/12/2019,08:40:59,88.92,4
91576,0,0,16/12/2019,08:42:02,88.71,4
91579,0,0,16/12/2019,08:43:05,88.43,4
91582,0,0,16/12/2019,08:44:08,88.54,4
91585,0,0,16/12/2019,08:45:11,88.23,4
91588,0,0,16/12/2019,08:46:14,88.65,4
91591,0,0,16/12/2019,08:47:17,88.11,4
91594,0,0,16/12/2019,08:48:20,87.91,4
91597,0,0,16/12/2019,08:49:23,87.58,4
91600,0,0,16/12/2019,08:50:26,87.23,4
91603,0,0,16/12/2019,08:51:29,87.14,4
91606,0,0,16/12/2019,08:52:32,87.68,4
91609,0,0,16/12/2019,08:53:35,87.51,4
91612,0,0,16/12/2019,08:54:38,86.78,4
91615,0,0,16/12/2019,08:55:41,86.03,4
91618,0,0,16/12/2019,08:56:44,85.98,4
91621,0,0,16/12/2019,08:57:47,86.5,4
91624,0,0,16/12/2019,08:58:51,86.67,4
91627,0,0,16/12/2019,08:59:54,86.93,4
91630,0,0,16/12/2019,09:00:57,86.94,4
91633,0,0,16/12/2019,09:02:03,85.85,4
91636,0,0,16/12/2019,09:03:06,85.52,4
91639,0,0,16/12/2019,09:04:09,85.62,4
91642,0,0,16/12/2019,09:05:12,85.8,4
91645,0,0,16/12/2019,09:06:15,85.77,4
91648,0,0,16/12/2019,09:07:18,85.86,4
91651,0,0,16/12/2019,09:08:21,85.2,4
91655,0,0,16/12/2019,09:09:24,85.21,4
91658,0,0,16/12/2019,09:10:27,85.19,4
91661,0,0,16/12/2019,09:11:30,85.62,4
91664,0,0,16/12/2019,09:12:33,85.28,4
91667,0,0,16/12/2019,09:13:36,84.7,4
91670,0,0,16/12/2019,09:14:40,84.64,4
91673,0,0,16/12/2019,09:15:42,84.94,4
91676,0,0,16/12/2019,09:16:46,29.93,4
91679,0,0,16/12/2019,09:17:49,3.14,4
91682,0,0,16/12/2019,09:18:52,4.2,4
91685,0,0,16/12/2019,09:19:55,75.08,4
91688,0,0,16/12/2019,09:20:58,86.82,4
91692,0,0,16/12/2019,09:22:01,86.55,4
91695,0,0,16/12/2019,09:23:04,87.08,4
91698,0,0,16/12/2019,09:24:07,87.11,4
91701,0,0,16/12/2019,09:25:10,87.96,4
91704,0,0,16/12/2019,09:26:13,87.27,4
91707,0,0,16/12/2019,09:27:16,87.31,4
91710,0,0,16/12/2019,09:28:19,87.32,4
91713,0,0,16/12/2019,09:29:22,86.8,4
91716,0,0,16/12/2019,09:30:25,86.84,4
91719,0,0,16/12/2019,09:31:28,87.29,4
91722,0,0,16/12/2019,09:32:31,87.34,4
91725,0,0,16/12/2019,09:33:34,86.83,4
91728,0,0,16/12/2019,09:34:37,86.68,4
91731,0,0,16/12/2019,09:35:43,86.9,4
91734,0,0,16/12/2019,09:36:49,86.99,4
91737,0,0,16/12/2019,09:37:52,86.91,4
91740,0,0,16/12/2019,09:38:55,86.38,4
91743,0,0,16/12/2019,09:39:58,86.06,4
91746,0,0,16/12/2019,09:41:01,85.38,4
91749,0,0,16/12/2019,09:42:04,85.49,4
91752,0,0,16/12/2019,09:43:11,86.54,4
91755,0,0,16/12/2019,09:44:14,86.47,4
91758,0,0,16/12/2019,09:45:17,85.73,4
91761,0,0,16/12/2019,09:46:20,84.87,4
91764,0,0,16/12/2019,09:47:23,84.82,4
91767,0,0,16/12/2019,09:48:26,84.64,4
91770,0,0,16/12/2019,09:49:29,83.94,4
91773,0,0,16/12/2019,09:50:32,83.6,4
91776,0,0,16/12/2019,09:51:35,83.42,4
91779,0,0,16/12/2019,09:52:38,2.62,4
91782,0,0,16/12/2019,09:53:41,3.6,4
91785,0,0,16/12/2019,09:54:44,19.46,4
91788,0,0,16/12/2019,09:55:50,88.81,4
91791,0,0,16/12/2019,09:56:53,87.17,4
91794,0,0,16/12/2019,09:57:56,86.93,4
91797,0,0,16/12/2019,09:58:59,86.18,4
91800,0,0,16/12/2019,10:00:02,86.6,4
91803,0,0,16/12/2019,10:01:05,86.82,4
91806,0,0,16/12/2019,10:02:11,87.25,4
91809,0,0,16/12/2019,10:03:14,86.94,4
91812,0,0,16/12/2019,10:04:17,86.68,4
91815,0,0,16/12/2019,10:05:20,86.23,4
91818,0,0,16/12/2019,10:06:23,86.11,4
91821,0,0,16/12/2019,10:07:28,86.64,4
91824,0,0,16/12/2019,10:08:32,86.51,4
91827,0,0,16/12/2019,10:09:34,85.95,4
91830,0,0,16/12/2019,10:10:38,85.89,4
91833,0,0,16/12/2019,10:11:41,85.89,4
91836,0,0,16/12/2019,10:12:44,85.59,4
91839,0,0,16/12/2019,10:13:47,57.99,4
91842,0,0,16/12/2019,10:14:50,3.2,4
91845,0,0,16/12/2019,10:15:53,4.23,4
91848,0,0,16/12/2019,10:16:56,47.75,4
91851,0,0,16/12/2019,10:17:59,86.26,4
91854,0,0,16/12/2019,10:19:02,86.11,4
91858,0,0,16/12/2019,10:20:10,86.88,4
91861,0,0,16/12/2019,10:21:11,86.75,4
91864,0,0,16/12/2019,10:22:14,86.5,4
91867,0,0,16/12/2019,10:23:18,86.42,4
91870,0,0,16/12/2019,10:24:21,86.67,4
91873,0,0,16/12/2019,10:25:24,86.9,4
91876,0,0,16/12/2019,10:26:27,86.58,4
91879,0,0,16/12/2019,10:27:33,85.96,4
91882,0,0,16/12/2019,10:28:36,85.74,4
91885,0,0,16/12/2019,10:29:39,85.61,4
91888,0,0,16/12/2019,10:30:42,58.24,4
91891,0,0,16/12/2019,10:31:45,3.75,4
91894,0,0,16/12/2019,10:32:48,4.26,4
91897,0,0,16/12/2019,10:33:51,48,4
91900,0,0,16/12/2019,10:34:54,86.67,4
91903,0,0,16/12/2019,10:35:57,87.01,4
91906,0,0,16/12/2019,10:37:00,87.64,4
91909,0,0,16/12/2019,10:38:03,87.63,4
91912,0,0,16/12/2019,10:39:06,87.37,4
91916,0,0,16/12/2019,10:40:09,87.13,4
91919,0,0,16/12/2019,10:41:13,86.8,4
91922,0,0,16/12/2019,10:42:16,87.19,4
91925,0,0,16/12/2019,10:43:19,87.05,4
91928,0,0,16/12/2019,10:44:22,87.05,4
91931,0,0,16/12/2019,10:45:25,86.41,4
91934,0,0,16/12/2019,10:46:28,72.68,4
91937,0,0,16/12/2019,10:47:31,2.78,4
91940,0,0,16/12/2019,10:48:34,2.82,4
91943,0,0,16/12/2019,10:49:37,2.81,4
91946,0,0,16/12/2019,10:50:40,2.81,4
91949,0,0,16/12/2019,10:51:43,2.82,4
91952,0,0,16/12/2019,10:52:46,2.82,4
91955,0,0,16/12/2019,10:53:49,2.82,4
91958,0,0,16/12/2019,10:54:52,2.82,4
91961,0,0,16/12/2019,10:55:55,2.82,4
91964,0,0,16/12/2019,10:56:58,2.82,4
91967,0,0,16/12/2019,10:58:01,2.82,4
91970,0,0,16/12/2019,10:59:04,2.92,4
91973,0,0,16/12/2019,11:00:07,3.45,4
91976,0,0,16/12/2019,11:01:10,3.44,4
91979,0,0,16/12/2019,11:02:13,88.01,4
91982,0,0,16/12/2019,11:03:16,88.66,4
91985,0,0,16/12/2019,11:04:19,89.66,4
91988,0,0,16/12/2019,11:05:22,89.98,4
91991,0,0,16/12/2019,11:06:25,90.04,4
91994,0,0,16/12/2019,11:07:28,89.85,4
91997,0,0,16/12/2019,11:08:31,89.42,4
92000,0,0,16/12/2019,11:09:35,89.58,4
92003,0,0,16/12/2019,11:10:38,89.47,4
92006,0,0,16/12/2019,11:11:41,89.73,4
92009,0,0,16/12/2019,11:12:44,90.07,4
92012,0,0,16/12/2019,11:13:47,89.83,4
92015,0,0,16/12/2019,11:14:50,89.52,4
92018,0,0,16/12/2019,11:15:53,89.06,4
92021,0,0,16/12/2019,11:16:56,90.52,4
92024,0,0,16/12/2019,11:17:59,89.74,4
92027,0,0,16/12/2019,11:19:03,89.96,4
92030,0,0,16/12/2019,11:20:06,89.45,4
92033,0,0,16/12/2019,11:21:09,89.14,4
92036,0,0,16/12/2019,11:22:12,88.41,4
92039,0,0,16/12/2019,11:23:15,88.16,4
92042,0,0,16/12/2019,11:24:18,89.06,4
92045,0,0,16/12/2019,11:25:21,89.07,4
92048,0,0,16/12/2019,11:26:24,89.62,4
92051,0,0,16/12/2019,11:27:27,89.62,4
92054,0,0,16/12/2019,11:28:30,89.15,4
92057,0,0,16/12/2019,11:29:33,2.85,4
92060,0,0,16/12/2019,11:30:36,3.24,4
92063,0,0,16/12/2019,11:31:39,20.26,4
92066,0,0,16/12/2019,11:32:42,91.46,4
92069,0,0,16/12/2019,11:33:47,90.83,4
92072,0,0,16/12/2019,11:34:48,91.23,4
92075,0,0,16/12/2019,11:35:51,89.63,4
92078,0,0,16/12/2019,11:36:54,89.87,4
92081,0,0,16/12/2019,11:38:06,89.88,4
92084,0,0,16/12/2019,11:39:09,90.39,4
92087,0,0,16/12/2019,11:40:12,90.87,4
92090,0,0,16/12/2019,11:41:15,89.78,4
92093,0,0,16/12/2019,11:42:18,89.42,4
92096,0,0,16/12/2019,11:43:21,88.84,4
92099,0,0,16/12/2019,11:44:24,88.96,4
92103,0,0,16/12/2019,11:45:27,89.04,4
92106,0,0,16/12/2019,11:46:33,88.2,4
92109,0,0,16/12/2019,11:47:36,87.71,4
92112,0,0,16/12/2019,11:48:39,88.11,4
92115,0,0,16/12/2019,11:49:42,88.22,4
92118,0,0,16/12/2019,11:50:45,59.94,4
92121,0,0,16/12/2019,11:51:48,2.81,4
92124,0,0,16/12/2019,11:52:52,3.26,4
92127,0,0,16/12/2019,11:53:55,49.04,4
92130,0,0,16/12/2019,11:54:58,89.23,4
92133,0,0,16/12/2019,11:56:01,91.05,4
92136,0,0,16/12/2019,11:57:04,91.27,4
92139,0,0,16/12/2019,11:58:06,90.97,4
92142,0,0,16/12/2019,11:59:09,90.5,4
92145,0,0,16/12/2019,12:00:12,89.99,4
92149,0,0,16/12/2019,12:01:15,90.05,4
92152,0,0,16/12/2019,12:02:18,90.67,4
92155,0,0,16/12/2019,12:03:21,90.79,4
92158,0,0,16/12/2019,12:04:24,47.19,4
92161,0,0,16/12/2019,12:05:27,2.88,4
92164,0,0,16/12/2019,12:06:30,2.88,4
92167,0,0,16/12/2019,12:07:33,2.87,4
92170,0,0,16/12/2019,12:08:37,2.88,4
92173,0,0,16/12/2019,12:09:40,2.88,4
92176,0,0,16/12/2019,12:10:43,2.87,4
92179,0,0,16/12/2019,12:11:46,2.88,4
92182,0,0,16/12/2019,12:12:49,2.88,4
92185,0,0,16/12/2019,12:13:52,2.88,4
92188,0,0,16/12/2019,12:14:55,2.88,4
92191,0,0,16/12/2019,12:15:58,2.88,4
92194,0,0,16/12/2019,12:17:01,2.87,4
92197,0,0,16/12/2019,12:18:04,2.96,4
92200,0,0,16/12/2019,12:19:07,3.49,4
92203,0,0,16/12/2019,12:20:10,3.48,4
92206,0,0,16/12/2019,12:21:13,3.48,4
92209,0,0,16/12/2019,12:22:16,3.48,4
92212,0,0,16/12/2019,12:23:19,3.48,4
92215,0,0,16/12/2019,12:24:22,3.48,4
92218,0,0,16/12/2019,12:25:25,3.48,4
92221,0,0,16/12/2019,12:26:31,4.18,4
92224,0,0,16/12/2019,12:27:34,4.33,4
92227,0,0,16/12/2019,12:28:37,4.35,4
92230,0,0,16/12/2019,12:29:40,35.12,4
92233,0,0,16/12/2019,12:30:43,88.79,4
92236,0,0,16/12/2019,12:31:46,88.44,4
92239,0,0,16/12/2019,12:32:49,31.37,4
92242,0,0,16/12/2019,12:33:52,0.73,4
92245,0,0,16/12/2019,12:34:58,0.75,4
92248,0,0,16/12/2019,12:36:02,0.75,4
92251,0,0,16/12/2019,12:37:08,0.76,4
92254,0,0,16/12/2019,12:38:11,0.73,4
92257,0,0,16/12/2019,12:39:17,0.72,4
92260,0,0,16/12/2019,12:40:20,0.77,4
92263,0,0,16/12/2019,12:41:23,0.74,4
92266,0,0,16/12/2019,12:42:26,0.73,4
92269,0,0,16/12/2019,12:43:29,0.76,4
92272,0,0,16/12/2019,12:44:32,0.76,4
92275,0,0,16/12/2019,12:45:35,0.74,4
92278,0,0,16/12/2019,12:46:38,0.75,4
92281,0,0,16/12/2019,12:47:41,0.73,4
92284,0,0,16/12/2019,12:48:44,0.75,4
92287,0,0,16/12/2019,12:49:47,0.75,4
92290,0,0,16/12/2019,12:50:51,0.76,4
92293,0,0,16/12/2019,12:51:54,0.74,4
92296,0,0,16/12/2019,12:52:57,0.74,4
92299,0,0,16/12/2019,12:54:00,0.78,4
92302,0,0,16/12/2019,12:55:03,0.74,4
92305,0,0,16/12/2019,12:56:06,0.78,4
92309,0,0,16/12/2019,12:57:09,35.19,4
92312,0,0,16/12/2019,12:58:12,4.32,4
92314,0,0,16/12/2019,12:59:15,4.32,4
92317,0,0,16/12/2019,13:00:18,4.31,4
92321,0,0,16/12/2019,13:01:21,4.32,4
92324,0,0,16/12/2019,13:02:24,4.32,4
92327,0,0,16/12/2019,13:03:27,4.32,4
92330,0,0,16/12/2019,13:04:30,4.32,4
92333,0,0,16/12/2019,13:05:33,4.34,4
92336,0,0,16/12/2019,13:06:36,4.32,4
92339,0,0,16/12/2019,13:07:39,4.32,4
92342,0,0,16/12/2019,13:08:42,4.31,4
92345,0,0,16/12/2019,13:09:45,4.32,4
92348,0,0,16/12/2019,13:10:51,4.32,4
92351,0,0,16/12/2019,13:11:54,72.95,4
92354,0,0,16/12/2019,13:12:57,89.29,4
92357,0,0,16/12/2019,13:14:00,90.76,4
92360,0,0,16/12/2019,13:15:03,91.44,4
92363,0,0,16/12/2019,13:16:06,93.9,4
92367,0,0,16/12/2019,13:17:09,93.92,4
92370,0,0,16/12/2019,13:18:12,93.85,4
92373,0,0,16/12/2019,13:19:15,93.44,4
92376,0,0,16/12/2019,13:20:18,92.5,4
92379,0,0,16/12/2019,13:21:22,92.98,4
92382,0,0,16/12/2019,13:22:25,93.19,4
92385,0,0,16/12/2019,13:23:28,93.33,4
92388,0,0,16/12/2019,13:24:31,93.29,4
92391,0,0,16/12/2019,13:25:34,92.44,4
92394,0,0,16/12/2019,13:26:37,91.97,4
92397,0,0,16/12/2019,13:27:40,92.09,4
92400,0,0,16/12/2019,13:28:43,92.39,4
92403,0,0,16/12/2019,13:29:46,92.04,4
92406,0,0,16/12/2019,13:30:49,90.98,4
92409,0,0,16/12/2019,13:31:52,90.97,4
92412,0,0,16/12/2019,13:32:55,90.55,4
92415,0,0,16/12/2019,13:33:58,90.96,4
92418,0,0,16/12/2019,13:35:01,90.08,4
92421,0,0,16/12/2019,13:36:04,89.84,4
92424,0,0,16/12/2019,13:37:07,88.98,4
92427,0,0,16/12/2019,13:38:12,88.84,4
92430,0,0,16/12/2019,13:39:15,88.94,4
92433,0,0,16/12/2019,13:40:18,88.41,4
92436,0,0,16/12/2019,13:41:21,88.13,4
92439,0,0,16/12/2019,13:42:24,87.63,4
92442,0,0,16/12/2019,13:43:27,87.66,4
92445,0,0,16/12/2019,13:44:30,87.31,4
92448,0,0,16/12/2019,13:45:33,87.1,4
92451,0,0,16/12/2019,13:46:36,87.04,4
92454,0,0,16/12/2019,13:47:39,30.95,4
92457,0,0,16/12/2019,13:48:42,2.81,4
92460,0,0,16/12/2019,13:49:45,2.93,4
92463,0,0,16/12/2019,13:50:48,77.06,4
92466,0,0,16/12/2019,13:51:51,89.15,4
92469,0,0,16/12/2019,13:52:54,88.7,4
92472,0,0,16/12/2019,13:53:57,89.53,4
92475,0,0,16/12/2019,13:55:00,88.94,4
92478,0,0,16/12/2019,13:56:03,88.47,4
92481,0,0,16/12/2019,13:57:06,87.73,4
92484,0,0,16/12/2019,13:58:09,88,4
92487,0,0,16/12/2019,13:59:12,87.81,4
92490,0,0,16/12/2019,14:00:15,87.76,4
92493,0,0,16/12/2019,14:01:18,88.2,4
92496,0,0,16/12/2019,14:02:22,87.22,4
92499,0,0,16/12/2019,14:03:25,86.81,4
92502,0,0,16/12/2019,14:04:28,87.01,4
92505,0,0,16/12/2019,14:05:31,86.14,4
92508,0,0,16/12/2019,14:06:37,16.75,4
92511,0,0,16/12/2019,14:07:39,2.83,4
92514,0,0,16/12/2019,14:08:42,2.85,4
92517,0,0,16/12/2019,14:09:45,90.69,4
92520,0,0,16/12/2019,14:10:49,88.11,4
92523,0,0,16/12/2019,14:11:54,88.07,4
92526,0,0,16/12/2019,14:12:58,87.21,4
92529,0,0,16/12/2019,14:14:01,87.33,4
92532,0,0,16/12/2019,14:15:04,87.24,4
92536,0,0,16/12/2019,14:16:07,87.05,4
92539,0,0,16/12/2019,14:17:10,30.61,4
92542,0,0,16/12/2019,14:18:13,2.83,4
92545,0,0,16/12/2019,14:19:19,2.85,4
92548,0,0,16/12/2019,14:20:22,75.87,4
92551,0,0,16/12/2019,14:21:25,87.14,4
92554,0,0,16/12/2019,14:22:31,87.47,4
92557,0,0,16/12/2019,14:23:34,86.87,4
92560,0,0,16/12/2019,14:24:37,86.34,4
92563,0,0,16/12/2019,14:25:40,85.92,4
92566,0,0,16/12/2019,14:26:43,86.38,4
92569,0,0,16/12/2019,14:27:46,86.46,4
92572,0,0,16/12/2019,14:28:49,85.69,4
92576,0,0,16/12/2019,14:29:52,85.02,4
92579,0,0,16/12/2019,14:30:55,84.21,4
92582,0,0,16/12/2019,14:32:01,84.81,4
92585,0,0,16/12/2019,14:33:04,84.06,4
92588,0,0,16/12/2019,14:34:07,84.06,4
92591,0,0,16/12/2019,14:35:10,70.14,4
92594,0,0,16/12/2019,14:36:13,2.76,4
92597,0,0,16/12/2019,14:37:16,2.82,4
92600,0,0,16/12/2019,14:38:22,33.15,4
92603,0,0,16/12/2019,14:39:25,85.31,4
92606,0,0,16/12/2019,14:40:28,85.56,4
92609,0,0,16/12/2019,14:41:31,85.97,4
92612,0,0,16/12/2019,14:42:37,85.66,4
92615,0,0,16/12/2019,14:43:40,85.19,4
92618,0,0,16/12/2019,14:44:43,84.56,4
92621,0,0,16/12/2019,14:45:46,85,4
92624,0,0,16/12/2019,14:46:49,85.04,4
92627,0,0,16/12/2019,14:47:55,84.21,4
92630,0,0,16/12/2019,14:48:58,43.47,4
92633,0,0,16/12/2019,14:50:01,2.8,4
92636,0,0,16/12/2019,14:51:04,2.82,4
92639,0,0,16/12/2019,14:52:07,59.71,4
92642,0,0,16/12/2019,14:53:11,84.58,4
92645,0,0,16/12/2019,14:54:14,85,4
92648,0,0,16/12/2019,14:55:17,85.48,4
92651,0,0,16/12/2019,14:56:20,85.03,4
92654,0,0,16/12/2019,14:57:23,84.33,4
92657,0,0,16/12/2019,14:58:26,84.41,4
92660,0,0,16/12/2019,14:59:29,83.75,4
92663,0,0,16/12/2019,15:00:32,56.7,4
92666,0,0,16/12/2019,15:01:35,2.81,4
92669,0,0,16/12/2019,15:02:38,2.82,4
92672,0,0,16/12/2019,15:03:44,46.12,4
92675,0,0,16/12/2019,15:04:47,84.67,4
92678,0,0,16/12/2019,15:05:51,85.3,4
92681,0,0,16/12/2019,15:06:54,85.51,4
92684,0,0,16/12/2019,15:07:57,84.97,4
92687,0,0,16/12/2019,15:08:59,84.66,4
92690,0,0,16/12/2019,15:10:03,84.26,4
92693,0,0,16/12/2019,15:11:06,83.93,4
92696,0,0,16/12/2019,15:12:09,43.5,4
92699,0,0,16/12/2019,15:13:14,2.82,4
92702,0,0,16/12/2019,15:14:15,2.83,4
92705,0,0,16/12/2019,15:15:18,60.32,4
92708,0,0,16/12/2019,15:16:21,84.92,4
92711,0,0,16/12/2019,15:17:24,85.27,4
92714,0,0,16/12/2019,15:18:27,85.49,4
92717,0,0,16/12/2019,15:19:30,85.2,4
92720,0,0,16/12/2019,15:20:36,84.66,4
92723,0,0,16/12/2019,15:21:39,16.42,4
92727,0,0,16/12/2019,15:22:42,2.82,4
92730,0,0,16/12/2019,15:23:45,2.82,4
92733,0,0,16/12/2019,15:24:48,86.86,4
92736,0,0,16/12/2019,15:25:54,86.24,4
92739,0,0,16/12/2019,15:27:00,86.95,4
92742,0,0,16/12/2019,15:28:03,85.42,4
92745,0,0,16/12/2019,15:29:06,84.45,4
92748,0,0,16/12/2019,15:30:09,84.44,4
92751,0,0,16/12/2019,15:31:12,57.24,4
92754,0,0,16/12/2019,15:32:15,2.82,4
92757,0,0,16/12/2019,15:33:18,2.83,4
92760,0,0,16/12/2019,15:34:21,47.38,4
92763,0,0,16/12/2019,15:35:24,85.25,4
92766,0,0,16/12/2019,15:36:30,85.76,4
92769,0,0,16/12/2019,15:37:33,85.69,4
92772,0,0,16/12/2019,15:38:36,85.21,4
92775,0,0,16/12/2019,15:39:39,84.9,4
92778,0,0,16/12/2019,15:40:43,71.43,4
92781,0,0,16/12/2019,15:41:46,2.82,4
92784,0,0,16/12/2019,15:42:49,2.84,4
92787,0,0,16/12/2019,15:43:52,32.85,4
92790,0,0,16/12/2019,15:44:56,84.77,4
92793,0,0,16/12/2019,15:45:59,85.67,4
92797,0,0,16/12/2019,15:47:08,30.71,4
92800,0,0,16/12/2019,15:48:11,2.85,4
92803,0,0,16/12/2019,15:49:14,2.84,4
92806,0,0,16/12/2019,15:50:17,2.85,4
92809,0,0,16/12/2019,15:51:20,2.87,4
92812,0,0,16/12/2019,15:52:27,2.87,4
92815,0,0,16/12/2019,15:53:30,2.87,4
92818,0,0,16/12/2019,15:54:36,2.85,4
92821,0,0,16/12/2019,15:55:39,2.83,4
92824,0,0,16/12/2019,15:56:42,2.84,4
92827,0,0,16/12/2019,15:57:45,2.86,4
92830,0,0,16/12/2019,15:58:48,33.92,4
92833,0,0,16/12/2019,15:59:51,86.47,4
92836,0,0,16/12/2019,16:00:54,87.05,4
92839,0,0,16/12/2019,16:01:57,87.71,4
92842,0,0,16/12/2019,16:03:00,87.84,4
92845,0,0,16/12/2019,16:04:03,88.15,4
92848,0,0,16/12/2019,16:05:06,87.98,4
92851,0,0,16/12/2019,16:06:10,87.71,4
92854,0,0,16/12/2019,16:07:13,87.33,4
92857,0,0,16/12/2019,16:08:16,87.64,4
92860,0,0,16/12/2019,16:09:19,87.93,4
92863,0,0,16/12/2019,16:10:22,87.85,4
92866,0,0,16/12/2019,16:11:25,87.81,4
92869,0,0,16/12/2019,16:12:28,86.73,4
92872,0,0,16/12/2019,16:13:31,43.48,4
92875,0,0,16/12/2019,16:14:35,0.74,4
92878,0,0,16/12/2019,16:15:45,0.71,4
92881,0,0,16/12/2019,16:16:51,0.71,4
92884,0,0,16/12/2019,16:17:54,1.07,4
92887,0,0,16/12/2019,16:18:57,3.29,4
92890,0,0,16/12/2019,16:20:04,2.87,4
92893,0,0,16/12/2019,16:21:07,2.85,4
92896,0,0,16/12/2019,16:22:10,2.82,4
92899,0,0,16/12/2019,16:23:14,2.84,4
92902,0,0,16/12/2019,16:24:17,2.12,4
92905,0,0,16/12/2019,16:25:20,0.72,4
92908,0,0,16/12/2019,16:26:23,0.7,4
92911,0,0,16/12/2019,16:27:26,0.69,4
92915,0,0,16/12/2019,16:28:32,0.69,4
92918,0,0,16/12/2019,16:29:39,0.69,4
92921,0,0,16/12/2019,16:30:42,0.68,4
92924,0,0,16/12/2019,16:31:45,0.66,4
92927,0,0,16/12/2019,16:32:48,0.7,4
92930,0,0,16/12/2019,16:33:52,0.66,4
92933,0,0,16/12/2019,16:34:55,0.66,4
92936,0,0,16/12/2019,16:35:58,0.62,4
92939,0,0,16/12/2019,16:37:01,0.65,4
92942,0,0,16/12/2019,16:38:04,0.71,4
92945,0,0,16/12/2019,16:39:08,0.67,4
92948,0,0,16/12/2019,16:40:11,0.69,4
92951,0,0,16/12/2019,16:41:14,0.65,4
92955,0,0,16/12/2019,16:42:17,0.69,4
92958,0,0,16/12/2019,16:43:20,0.71,4
92961,0,0,16/12/2019,16:44:23,0.7,4
92964,0,0,16/12/2019,16:45:26,0.7,4
92967,0,0,16/12/2019,16:46:30,0.72,4
92970,0,0,16/12/2019,16:47:33,0.7,4
92973,0,0,16/12/2019,16:48:36,0.68,4
92976,0,0,16/12/2019,16:49:40,0.68,4
92979,0,0,16/12/2019,16:50:43,0.68,4
92982,0,0,16/12/2019,16:51:46,0.68,4
92985,0,0,16/12/2019,16:52:49,0.73,4
92988,0,0,16/12/2019,16:53:52,0.73,4
92991,0,0,16/12/2019,16:54:55,0.7,4
92994,0,0,16/12/2019,16:55:58,0.73,4
92997,0,0,16/12/2019,16:57:01,0.73,4
93000,0,0,16/12/2019,16:58:04,0.74,4
93003,0,0,16/12/2019,16:59:07,0.76,4
93006,0,0,16/12/2019,17:00:13,0.71,4
93009,0,0,16/12/2019,17:01:16,0.7,4
93012,0,0,16/12/2019,17:02:19,0.72,4
93015,0,0,16/12/2019,17:03:23,0.73,4
93018,0,0,16/12/2019,17:04:26,0.75,4
93021,0,0,16/12/2019,17:05:29,0.74,4
93024,0,0,16/12/2019,17:06:32,0.74,4
93027,0,0,16/12/2019,17:07:35,0.74,4
93030,0,0,16/12/2019,17:08:38,0.72,4
93033,0,0,16/12/2019,17:09:41,0.74,4
93036,0,0,16/12/2019,17:10:44,0.74,4
93039,0,0,16/12/2019,17:11:47,0.76,4
93042,0,0,16/12/2019,17:12:50,0.76,4
93045,0,0,16/12/2019,17:13:53,0.74,4
93048,0,0,16/12/2019,17:14:56,0.74,4
93051,0,0,16/12/2019,17:15:59,0.74,4
93054,0,0,16/12/2019,17:17:02,0.77,4
93057,0,0,16/12/2019,17:18:05,0.75,4
93060,0,0,16/12/2019,17:19:08,0.75,4
93063,0,0,16/12/2019,17:20:14,0.74,4
93066,0,0,16/12/2019,17:21:18,0.75,4
93069,0,0,16/12/2019,17:22:24,0.76,4
93072,0,0,16/12/2019,17:23:24,0.76,4
93075,0,0,16/12/2019,17:24:27,0.74,4
93078,0,0,16/12/2019,17:25:30,0.72,4
93081,0,0,16/12/2019,17:26:33,0.73,4
93084,0,0,16/12/2019,17:27:42,0.72,4
93087,0,0,16/12/2019,17:28:45,0.73,4
93090,0,0,16/12/2019,17:29:48,0.72,4
93093,0,0,16/12/2019,17:30:51,0.71,4
93096,0,0,16/12/2019,17:31:54,0.73,4
93099,0,0,16/12/2019,17:32:57,0.74,4
93102,0,0,16/12/2019,17:34:00,0.76,4
93105,0,0,16/12/2019,17:35:03,0.75,4
93108,0,0,16/12/2019,17:36:06,0.76,4
93111,0,0,16/12/2019,17:37:09,0.74,4
93114,0,0,16/12/2019,17:38:12,0.73,4
93117,0,0,16/12/2019,17:39:16,0.74,4
93120,0,0,16/12/2019,17:40:19,0.75,4
93123,0,0,16/12/2019,17:41:23,0.77,4
93126,0,0,16/12/2019,17:42:26,0.74,4
93129,0,0,16/12/2019,17:43:29,0.76,4
93132,0,0,16/12/2019,17:44:32,0.76,4
93135,0,0,16/12/2019,17:45:35,0.76,4
93138,0,0,16/12/2019,17:46:38,0.76,4
93141,0,0,16/12/2019,17:47:41,0.76,4
93144,0,0,16/12/2019,17:48:44,0.75,4
93147,0,0,16/12/2019,17:49:47,0.76,4
93152,0,0,16/12/2019,17:50:53,0.74,4
93154,0,0,16/12/2019,17:51:56,0.75,4
93158,0,0,16/12/2019,17:53:02,0.76,4
93161,0,0,16/12/2019,17:54:05,0.76,4
93164,0,0,16/12/2019,17:55:08,0.74,4
93167,0,0,16/12/2019,17:56:11,0.75,4
93170,0,0,16/12/2019,17:57:14,0.72,4
93173,0,0,16/12/2019,17:58:17,0.73,4
93176,0,0,16/12/2019,17:59:20,0.75,4
93179,0,0,16/12/2019,18:00:23,0.76,4
93182,0,0,16/12/2019,18:01:26,0.74,4
93185,0,0,16/12/2019,18:02:29,0.76,4
93188,0,0,16/12/2019,18:03:32,0.78,4
93191,0,0,16/12/2019,18:04:35,0.75,4
93194,0,0,16/12/2019,18:05:38,0.72,4
93197,0,0,16/12/2019,18:06:41,0.72,4
93200,0,0,16/12/2019,18:07:47,0.73,4
93203,0,0,16/12/2019,18:08:51,0.74,4
93206,0,0,16/12/2019,18:09:54,0.77,4
93209,0,0,16/12/2019,18:10:57,0.74,4
93212,0,0,16/12/2019,18:12:00,0.75,4
93215,0,0,16/12/2019,18:13:03,0.71,4
93218,0,0,16/12/2019,18:14:06,0.73,4
93221,0,0,16/12/2019,18:15:09,0.73,4
93224,0,0,16/12/2019,18:16:12,0.74,4
93227,0,0,16/12/2019,18:17:15,0.74,4
93230,0,0,16/12/2019,18:18:18,0.71,4
93233,0,0,16/12/2019,18:19:21,0.71,4
93236,0,0,16/12/2019,18:20:24,0.74,4
93239,0,0,16/12/2019,18:21:27,0.74,4
93242,0,0,16/12/2019,18:22:30,0.76,4
93245,0,0,16/12/2019,18:23:33,0.76,4
93248,0,0,16/12/2019,18:24:38,0.73,4
93251,0,0,16/12/2019,18:25:41,0.74,4
93254,0,0,16/12/2019,18:26:44,0.75,4
93257,0,0,16/12/2019,18:27:47,0.74,4
93260,0,0,16/12/2019,18:28:56,0.74,4
93263,0,0,16/12/2019,18:29:59,0.73,4
93266,0,0,16/12/2019,18:31:02,0.73,4
93269,0,0,16/12/2019,18:32:05,0.73,4
93272,0,0,16/12/2019,18:33:08,0.73,4
93275,0,0,16/12/2019,18:34:11,0.72,4
93278,0,0,16/12/2019,18:35:17,0.73,4
93281,0,0,16/12/2019,18:36:20,0.72,4
93284,0,0,16/12/2019,18:37:23,0.74,4
93287,0,0,16/12/2019,18:38:26,0.72,4
93290,0,0,16/12/2019,18:39:29,0.73,4
93293,0,0,16/12/2019,18:40:32,0.75,4
93296,0,0,16/12/2019,18:41:35,0.74,4
93299,0,0,16/12/2019,18:42:38,0.74,4
93302,0,0,16/12/2019,18:43:41,0.75,4
93305,0,0,16/12/2019,18:44:44,0.77,4
93308,0,0,16/12/2019,18:45:50,0.75,4
93311,0,0,16/12/2019,18:46:53,0.76,4
93314,0,0,16/12/2019,18:47:56,0.74,4
93317,0,0,16/12/2019,18:48:59,0.74,4
93320,0,0,16/12/2019,18:50:02,0.74,4
93323,0,0,16/12/2019,18:51:05,0.72,4
93327,0,0,16/12/2019,18:52:08,0.71,4
93330,0,0,16/12/2019,18:53:11,0.73,4
93333,0,0,16/12/2019,18:54:17,0.71,4
93337,0,0,16/12/2019,18:55:23,0.72,4
93340,0,0,16/12/2019,18:56:26,0.74,4
93343,0,0,16/12/2019,18:57:29,0.7,4
93346,0,0,16/12/2019,18:58:32,0.72,4
93349,0,0,16/12/2019,18:59:35,0.72,4
93352,0,0,16/12/2019,19:00:38,0.72,4
93355,0,0,16/12/2019,19:01:44,0.73,4
93358,0,0,16/12/2019,19:02:47,0.73,4
93361,0,0,16/12/2019,19:03:50,0.72,4
93364,0,0,16/12/2019,19:04:53,0.72,4
93367,0,0,16/12/2019,19:05:56,0.74,4
93370,0,0,16/12/2019,19:06:59,0.74,4
93373,0,0,16/12/2019,19:08:02,0.72,4
93376,0,0,16/12/2019,19:09:05,0.74,4
93379,0,0,16/12/2019,19:10:08,0.73,4
93382,0,0,16/12/2019,19:11:14,0.73,4
93385,0,0,16/12/2019,19:12:17,0.73,4
93388,0,0,16/12/2019,19:13:20,0.73,4
93391,0,0,16/12/2019,19:14:23,0.73,4
93394,0,0,16/12/2019,19:15:26,0.74,4
93397,0,0,16/12/2019,19:16:29,0.72,4
93400,0,0,16/12/2019,19:17:32,0.69,4
93403,0,0,16/12/2019,19:18:38,0.73,4
93406,0,0,16/12/2019,19:19:44,0.75,4
93409,0,0,16/12/2019,19:20:47,0.72,4
93412,0,0,16/12/2019,19:21:50,0.77,4
93415,0,0,16/12/2019,19:22:53,0.75,4
93418,0,0,16/12/2019,19:23:56,0.75,4
93421,0,0,16/12/2019,19:24:59,0.72,4
93424,0,0,16/12/2019,19:26:02,0.73,4
93427,0,0,16/12/2019,19:27:05,0.74,4
93430,0,0,16/12/2019,19:28:08,0.73,4
93433,0,0,16/12/2019,19:29:11,0.76,4
93436,0,0,16/12/2019,19:30:14,0.74,4
93439,0,0,16/12/2019,19:31:17,0.76,4
93442,0,0,16/12/2019,19:32:20,0.72,4
93445,0,0,16/12/2019,19:33:23,0.73,4
93448,0,0,16/12/2019,19:34:26,0.73,4
93451,0,0,16/12/2019,19:35:29,0.72,4
93454,0,0,16/12/2019,19:36:32,0.76,4
93457,0,0,16/12/2019,19:37:38,0.76,4
93460,0,0,16/12/2019,19:38:41,0.74,4
93463,0,0,16/12/2019,19:39:44,0.72,4
93466,0,0,16/12/2019,19:40:47,0.7,4
93469,0,0,16/12/2019,19:41:50,0.7,4
93472,0,0,16/12/2019,19:42:53,0.72,4
93475,0,0,16/12/2019,19:43:56,0.73,4
93478,0,0,16/12/2019,19:44:59,0.73,4
93481,0,0,16/12/2019,19:46:02,0.72,4
93484,0,0,16/12/2019,19:47:07,0.71,4
93487,0,0,16/12/2019,19:48:10,0.71,4
93490,0,0,16/12/2019,19:49:13,0.75,4
93493,0,0,16/12/2019,19:50:16,0.74,4
93496,0,0,16/12/2019,19:51:22,0.71,4
93499,0,0,16/12/2019,19:52:25,0.76,4
93502,0,0,16/12/2019,19:53:28,0.75,4
93506,0,0,16/12/2019,19:54:31,0.72,4
93509,0,0,16/12/2019,19:55:34,0.73,4
93512,0,0,16/12/2019,19:56:37,0.73,4
93515,0,0,16/12/2019,19:57:40,0.75,4
93518,0,0,16/12/2019,19:58:43,0.75,4
93521,0,0,16/12/2019,19:59:46,0.76,4
93524,0,0,16/12/2019,20:00:49,0.74,4
93527,0,0,16/12/2019,20:01:52,0.73,4
93530,0,0,16/12/2019,20:02:55,0.73,4
93533,0,0,16/12/2019,20:03:58,0.76,4
93536,0,0,16/12/2019,20:05:01,0.73,4
93539,0,0,16/12/2019,20:06:04,0.77,4
93543,0,0,16/12/2019,20:07:07,0.76,4
93546,0,0,16/12/2019,20:08:10,0.76,4
93549,0,0,16/12/2019,20:09:13,0.74,4
93552,0,0,16/12/2019,20:10:16,0.72,4
93555,0,0,16/12/2019,20:11:19,0.75,4
93558,0,0,16/12/2019,20:12:22,0.76,4
93561,0,0,16/12/2019,20:13:25,0.72,4
93564,0,0,16/12/2019,20:14:28,0.73,4
93567,0,0,16/12/2019,20:15:31,0.73,4
93570,0,0,16/12/2019,20:16:34,0.72,4
93573,0,0,16/12/2019,20:17:37,0.73,4
93576,0,0,16/12/2019,20:18:40,0.74,4
93579,0,0,16/12/2019,20:19:43,0.75,4
93582,0,0,16/12/2019,20:20:46,0.73,4
93585,0,0,16/12/2019,20:21:52,0.76,4
93588,0,0,16/12/2019,20:22:55,0.74,4
93591,0,0,16/12/2019,20:23:58,0.73,4
93594,0,0,16/12/2019,20:25:01,0.75,4
93597,0,0,16/12/2019,20:26:04,0.76,4
93600,0,0,16/12/2019,20:27:07,0.74,4
93603,0,0,16/12/2019,20:28:12,0.73,4
93606,0,0,16/12/2019,20:29:16,0.73,4
93609,0,0,16/12/2019,20:30:19,0.76,4
93612,0,0,16/12/2019,20:31:22,0.75,4
93615,0,0,16/12/2019,20:32:25,0.75,4
93618,0,0,16/12/2019,20:33:28,0.72,4
93621,0,0,16/12/2019,20:34:31,0.76,4
93624,0,0,16/12/2019,20:35:34,0.76,4
93627,0,0,16/12/2019,20:36:37,0.75,4
93630,0,0,16/12/2019,20:37:40,0.74,4
93633,0,0,16/12/2019,20:38:43,0.73,4
93636,0,0,16/12/2019,20:39:49,0.72,4
93639,0,0,16/12/2019,20:40:52,0.78,4
93642,0,0,16/12/2019,20:41:55,0.73,4
93645,0,0,16/12/2019,20:42:58,0.75,4
93648,0,0,16/12/2019,20:44:01,0.74,4
93651,0,0,16/12/2019,20:45:07,0.75,4
93654,0,0,16/12/2019,20:46:10,0.74,4
93657,0,0,16/12/2019,20:47:13,0.76,4
93660,0,0,16/12/2019,20:48:16,0.73,4
93663,0,0,16/12/2019,20:49:19,0.74,4
93666,0,0,16/12/2019,20:50:22,0.75,4
93669,0,0,16/12/2019,20:51:25,0.74,4
93672,0,0,16/12/2019,20:52:28,0.75,4
93675,0,0,16/12/2019,20:53:31,0.72,4
93678,0,0,16/12/2019,20:54:34,0.75,4
93681,0,0,16/12/2019,20:55:37,0.74,4
93684,0,0,16/12/2019,20:56:40,0.74,4
93687,0,0,16/12/2019,20:57:43,0.73,4
93690,0,0,16/12/2019,20:58:46,0.74,4
93693,0,0,16/12/2019,20:59:49,0.72,4
93696,0,0,16/12/2019,21:00:52,0.72,4
93699,0,0,16/12/2019,21:01:55,0.7,4
93702,0,0,16/12/2019,21:02:58,0.7,4
93705,0,0,16/12/2019,21:04:01,0.72,4
93709,0,0,16/12/2019,21:05:04,0.71,4
93712,0,0,16/12/2019,21:06:07,0.72,4
93715,0,0,16/12/2019,21:07:10,0.72,4
93718,0,0,16/12/2019,21:08:13,0.73,4
93721,0,0,16/12/2019,21:09:16,0.74,4
93724,0,0,16/12/2019,21:10:19,0.72,4
93727,0,0,16/12/2019,21:11:22,0.76,4
93730,0,0,16/12/2019,21:12:25,0.75,4
93733,0,0,16/12/2019,21:13:28,0.74,4
93736,0,0,16/12/2019,21:14:31,0.73,4
93739,0,0,16/12/2019,21:15:34,0.74,4
93742,0,0,16/12/2019,21:16:37,0.75,4
93745,0,0,16/12/2019,21:17:40,0.74,4
93748,0,0,16/12/2019,21:18:43,0.73,4
93751,0,0,16/12/2019,21:19:46,0.72,4
93754,0,0,16/12/2019,21:20:49,0.67,4
93757,0,0,16/12/2019,21:21:52,0.68,4
93760,0,0,16/12/2019,21:22:55,0.73,4
93763,0,0,16/12/2019,21:23:58,0.73,4
93766,0,0,16/12/2019,21:25:01,0.74,4
93769,0,0,16/12/2019,21:26:04,0.74,4
93772,0,0,16/12/2019,21:27:07,0.75,4
93775,0,0,16/12/2019,21:28:10,0.75,4
93778,0,0,16/12/2019,21:29:13,0.75,4
93781,0,0,16/12/2019,21:30:16,0.72,4
93784,0,0,16/12/2019,21:31:19,0.75,4
93787,0,0,16/12/2019,21:32:22,0.71,4
93790,0,0,16/12/2019,21:33:25,0.69,4
93793,0,0,16/12/2019,21:34:28,0.75,4
93796,0,0,16/12/2019,21:35:31,0.73,4
93799,0,0,16/12/2019,21:36:34,0.69,4
93803,0,0,16/12/2019,21:37:37,0.71,4
93805,0,0,16/12/2019,21:38:40,0.7,4
93808,0,0,16/12/2019,21:39:43,0.72,4
93812,0,0,16/12/2019,21:40:46,0.73,4
93815,0,0,16/12/2019,21:41:49,0.74,4
93818,0,0,16/12/2019,21:42:52,0.7,4
93821,0,0,16/12/2019,21:43:55,0.73,4
93824,0,0,16/12/2019,21:44:58,0.71,4
93827,0,0,16/12/2019,21:46:01,0.7,4
93830,0,0,16/12/2019,21:47:04,0.66,4
93833,0,0,16/12/2019,21:48:07,0.68,4
93836,0,0,16/12/2019,21:49:10,0.69,4
93839,0,0,16/12/2019,21:50:13,0.69,4
93842,0,0,16/12/2019,21:51:16,0.67,4
93845,0,0,16/12/2019,21:52:19,0.66,4
93848,0,0,16/12/2019,21:53:22,0.67,4
93851,0,0,16/12/2019,21:54:25,0.73,4
93854,0,0,16/12/2019,21:55:28,0.71,4
93857,0,0,16/12/2019,21:56:31,0.72,4
93860,0,0,16/12/2019,21:57:34,0.72,4
93863,0,0,16/12/2019,21:58:37,0.76,4
93866,0,0,16/12/2019,21:59:40,0.72,4
93869,0,0,16/12/2019,22:00:43,0.72,4
93872,0,0,16/12/2019,22:01:46,0.67,4
93875,0,0,16/12/2019,22:02:49,0.7,4
93878,0,0,16/12/2019,22:03:52,0.75,4
93881,0,0,16/12/2019,22:04:55,0.71,4
93884,0,0,16/12/2019,22:05:58,0.74,4
93887,0,0,16/12/2019,22:07:04,0.74,4
93890,0,0,16/12/2019,22:08:10,0.73,4
93893,0,0,16/12/2019,22:09:16,0.76,4
93896,0,0,16/12/2019,22:10:19,0.73,4
93899,0,0,16/12/2019,22:11:22,0.7,4
93902,0,0,16/12/2019,22:12:25,0.73,4
93905,0,0,16/12/2019,22:13:28,0.74,4
93908,0,0,16/12/2019,22:14:31,0.75,4
93911,0,0,16/12/2019,22:15:34,0.75,4
93915,0,0,16/12/2019,22:16:40,0.71,4
93918,0,0,16/12/2019,22:17:43,0.71,4
93921,0,0,16/12/2019,22:18:46,0.71,4
93924,0,0,16/12/2019,22:19:49,0.74,4
93927,0,0,16/12/2019,22:20:52,0.73,4
93930,0,0,16/12/2019,22:21:57,0.74,4
93933,0,0,16/12/2019,22:23:00,0.76,4
93936,0,0,16/12/2019,22:24:03,0.72,4
93939,0,0,16/12/2019,22:25:06,0.74,4
93942,0,0,16/12/2019,22:26:09,0.74,4
93945,0,0,16/12/2019,22:27:12,0.74,4
93948,0,0,16/12/2019,22:28:15,0.72,4
93951,0,0,16/12/2019,22:29:18,0.72,4
93954,0,0,16/12/2019,22:30:21,0.71,4
93957,0,0,16/12/2019,22:31:24,0.72,4
93960,0,0,16/12/2019,22:32:27,0.72,4
93963,0,0,16/12/2019,22:33:32,0.73,4
93966,0,0,16/12/2019,22:34:37,0.75,4
93970,0,0,16/12/2019,22:35:43,0.74,4
93973,0,0,16/12/2019,22:36:46,0.71,4
93976,0,0,16/12/2019,22:37:49,0.73,4
93979,0,0,16/12/2019,22:38:52,0.74,4
93982,0,0,16/12/2019,22:39:55,0.76,4
93985,0,0,16/12/2019,22:40:58,0.73,4
93988,0,0,16/12/2019,22:42:01,0.76,4
93991,0,0,16/12/2019,22:43:04,0.74,4
93994,0,0,16/12/2019,22:44:07,0.73,4
93997,0,0,16/12/2019,22:45:10,0.75,4
94000,0,0,16/12/2019,22:46:15,0.74,4
94003,0,0,16/12/2019,22:47:19,0.74,4
94006,0,0,16/12/2019,22:48:22,0.73,4
94009,0,0,16/12/2019,22:49:25,0.72,4
94012,0,0,16/12/2019,22:50:28,0.7,4
94015,0,0,16/12/2019,22:51:31,0.69,4
94018,0,0,16/12/2019,22:52:34,0.71,4
94021,0,0,16/12/2019,22:53:37,0.71,4
94024,0,0,16/12/2019,22:54:40,0.72,4
94027,0,0,16/12/2019,22:55:43,0.72,4
94030,0,0,16/12/2019,22:56:46,0.75,4
94033,0,0,16/12/2019,22:57:49,0.72,4
94036,0,0,16/12/2019,22:58:52,0.73,4
94039,0,0,16/12/2019,22:59:55,0.75,4
94042,0,0,16/12/2019,23:00:58,0.73,4
94045,0,0,16/12/2019,23:02:01,0.74,4
94048,0,0,16/12/2019,23:03:04,0.7,4
94051,0,0,16/12/2019,23:04:07,0.72,4
94054,0,0,16/12/2019,23:05:10,0.74,4
94057,0,0,16/12/2019,23:06:13,0.73,4
94060,0,0,16/12/2019,23:07:16,0.74,4
94063,0,0,16/12/2019,23:08:19,0.73,4
94066,0,0,16/12/2019,23:09:22,0.71,4
94069,0,0,16/12/2019,23:10:26,0.72,4
94072,0,0,16/12/2019,23:11:31,0.7,4
94075,0,0,16/12/2019,23:12:34,0.75,4
94078,0,0,16/12/2019,23:13:37,0.75,4
94081,0,0,16/12/2019,23:14:40,0.74,4
94084,0,0,16/12/2019,23:15:44,0.73,4
94087,0,0,16/12/2019,23:16:47,0.72,4
94090,0,0,16/12/2019,23:17:50,0.7,4
94093,0,0,16/12/2019,23:18:53,0.72,4
94096,0,0,16/12/2019,23:19:56,0.74,4
94099,0,0,16/12/2019,23:20:59,0.7,4
94102,0,0,16/12/2019,23:22:02,0.74,4
94105,0,0,16/12/2019,23:23:07,0.75,4
94108,0,0,16/12/2019,23:24:07,0.72,4
94111,0,0,16/12/2019,23:25:13,0.73,4
94114,0,0,16/12/2019,23:26:16,0.72,4
94117,0,0,16/12/2019,23:27:19,0.71,4
94120,0,0,16/12/2019,23:28:22,0.73,4
94123,0,0,16/12/2019,23:29:28,0.71,4
94126,0,0,16/12/2019,23:30:31,0.72,4
94130,0,0,16/12/2019,23:31:34,0.71,4
94133,0,0,16/12/2019,23:32:37,0.72,4
94136,0,0,16/12/2019,23:33:40,0.72,4
94139,0,0,16/12/2019,23:34:43,0.73,4
94142,0,0,16/12/2019,23:35:46,0.72,4
94145,0,0,16/12/2019,23:36:49,0.75,4
94148,0,0,16/12/2019,23:37:55,0.73,4
94151,0,0,16/12/2019,23:38:55,0.75,4
94154,0,0,16/12/2019,23:39:59,0.75,4
94157,0,0,16/12/2019,23:41:01,0.74,4
94160,0,0,16/12/2019,23:42:04,0.74,4
94163,0,0,16/12/2019,23:43:07,0.77,4
94166,0,0,16/12/2019,23:44:10,0.73,4
94169,0,0,16/12/2019,23:45:13,0.73,4
94172,0,0,16/12/2019,23:46:16,0.71,4
94175,0,0,16/12/2019,23:47:19,0.73,4
94178,0,0,16/12/2019,23:48:22,0.72,4
94181,0,0,16/12/2019,23:49:25,0.73,4
94184,0,0,16/12/2019,23:50:28,0.74,4
94187,0,0,16/12/2019,23:51:31,0.74,4
94190,0,0,16/12/2019,23:52:34,0.75,4
94193,0,0,16/12/2019,23:53:37,0.75,4
94197,0,0,16/12/2019,23:54:40,0.75,4
94200,0,0,16/12/2019,23:55:43,0.73,4
94203,0,0,16/12/2019,23:56:46,0.72,4
94206,0,0,16/12/2019,23:57:49,0.74,4
94209,0,0,16/12/2019,23:58:52,0.72,4
94212,0,0,16/12/2019,23:59:55,0.73,4
